Workbook

Sheet Matriz UX
A1: Matriz UX — momento / emoción / evidencia / mejora · Pantalla «4. Mapa» (SuperOfertas Ecuador)
A2: Tarea: confirmar en el mapa la dirección de entrega (Calle Inventada 123, Barrio Ejemplo) y continuar al pago.
A4: Momento | B4: Fase | C4: Captura | D4: Emoción reportada | E4: Valoración antes (prom.) | F4: Evidencia observable en la prueba | G4: Evidencia de la actividad de clase (13/10/2026) | H4: Mejora propuesta | I4: Principio IHC que la fundamenta | J4: Valoración después (prom.) | K4: Cambio | L4: Resultado de la validación
A5: M1 · Ingreso a «4. Mapa» | B5: Antes | C5: C1 | D5: Desconfianza y presión (P1: expectativa por la oferta) | E5: =Valoraciones!C10 -> -0.66666667 | F5: P2: «Con tanto "Ofertta" mal escrito no sé si es una tienda seria». P3 tardó en ubicar el título entre el banner y el contador. | G5: G3: urgencia artificial (09:59), error ortográfico y colores que no cumplen contraste. | H5: Encabezado sobrio sin cuenta regresiva ni mensajes de presión; título orientado a la tarea; señal «Pago seguro». | I5: Nielsen #8 Diseño estético y minimalista; nivel visceral del diseño emocional (Norman); evitar patrones oscuros. | J5: =Valoraciones!C11 -> 1.3333333 | K5: =J5-E5 -> 2 | L5: Los tres perfiles valoraron el ingreso de forma positiva; ninguno mencionó presión.
A6: M2 · Explorar el mapa | B6: Durante | C6: C2 | D6: Duda y confusión | E6: =Valoraciones!D10 -> -1.6666667 | F6: P1: «¿El pin rojo es mi casa? El 123 está abajo». El pin y el marcador «123» están en manzanas distintas. | G6: G1: el pin está lejos de la dirección marcada. G4: «el mapa genera dudas sobre la entrega». | H6: Pin sobre la dirección con etiqueta «Calle Inventada 123» y verificación «El pin coincide con la dirección ingresada». | I6: Nielsen #1 Visibilidad del estado del sistema; #2 Relación entre el sistema y el mundo real. | J6: =Valoraciones!D11 -> 1.3333333 | K6: =J6-E6 -> 3 | L6: Los tres identificaron su domicilio en menos de 5 s.
A7: M3 · Ubicar o ajustar el pin | B7: Durante | C7: C3 | D7: Frustración | E7: =Valoraciones!E10 -> -2.3333333 | F7: P3 hizo clic tres veces sobre el mapa sin respuesta y no notó los controles «+ / −». Nadie supo si el pin se podía mover. | G7: G1: el mapa no tiene instrucciones. | H7: Instrucción «Puedes arrastrar el pin», controles de zoom visibles y botón «Centrar en mi dirección». | I7: Nielsen #10 Ayuda y documentación; significantes y affordance (Norman); Ley de Fitts. | J7: =Valoraciones!E11 -> 0.66666667 | K7: =J7-E7 -> 3 | L7: Mejoró, aunque P3 todavía dudó al arrastrar (valor 0): se recomienda reforzar el significante.
A8: M4 · Guardar la dirección | B8: Durante | C8: C4 | D8: Incertidumbre y ansiedad (momento crítico) | E8: =Valoraciones!F10 -> -2.6666667 | F8: P2: «¿Dónde guardo? Solo veo OMITIR». El botón gris «Guardar dirección» parecía deshabilitado; dos perfiles no lo encontraron. | G8: G5: «El botón OMITIR es enorme y Guardar dirección casi no se ve». | H8: Acción principal única «Confirmar dirección y continuar»; «Omitir» degradado a enlace secundario. | I8: Jerarquía visual; Nielsen #3 Control y libertad del usuario; Ley de Fitts. | J8: =Valoraciones!F11 -> 2 | K8: =J8-E8 -> 4.6666667 | L8: Mayor mejora del recorrido: los tres confirmaron sin buscar el botón.
A9: M5 · Continuar al pago | B9: Después | C9: C5 | D9: Inseguridad sobre el resultado | E9: =Valoraciones!G10 -> -1.6666667 | F9: P1 pulsó «OMITIR» creyendo que guardaba; al llegar a «Pagar» preguntó si la dirección se había guardado. | G9: G4: la pantalla «permite omitir la revisión, lo que genera dudas sobre la entrega». | H9: Mensaje «Dirección guardada correctamente», botón en verde y barra de pasos que avanza a «Pago». | I9: Nielsen #1 Visibilidad del estado; regla pico-final (Kahneman). | J9: =Valoraciones!G11 -> 1.6666667 | K9: =J9-E9 -> 3.3333333 | L9: Los tres terminaron seguros de que la dirección quedó registrada.
D11: Promedio del recorrido | E11: =AVERAGE(E5:E9) -> -1.8 | J11: =AVERAGE(J5:J9) -> 1.4 | K11: =J11-E11 -> 3.2
A13: Valoraciones: promedio de los participantes P1–P3 (hoja «Valoraciones»). Fuente de la evidencia de clase: respuestas de la actividad del Grupo 1, repositorio juANO2202/HCI-2026-G1, carpeta evidencias/.

Sheet Valoraciones
A1: Valoraciones emocionales por momento (escala −3 muy negativa a +3 muy positiva)
A3: Fase | B3: Participante | C3: M1 Ingreso | D3: M2 Explorar mapa | E3: M3 Ubicar pin | F3: M4 Guardar dirección | G3: M5 Continuar al pago
A4: Antes | B4: P1 | C4: 1 | D4: -1 | E4: -2 | F4: -2 | G4: -1
A5: Antes | B5: P2 | C5: -2 | D5: -2 | E5: -2 | F5: -3 | G5: -2
A6: Antes | B6: P3 | C6: -1 | D6: -2 | E6: -3 | F6: -3 | G6: -2
A7: Después | B7: P1 | C7: 2 | D7: 2 | E7: 1 | F7: 2 | G7: 2
A8: Después | B8: P2 | C8: 1 | D8: 1 | E8: 1 | F8: 2 | G8: 2
A9: Después | B9: P3 | C9: 1 | D9: 1 | E9: 0 | F9: 2 | G9: 1
A10: Promedio antes | C10: =AVERAGE(C4:C6) -> -0.66666667 | D10: =AVERAGE(D4:D6) -> -1.6666667 | E10: =AVERAGE(E4:E6) -> -2.3333333 | F10: =AVERAGE(F4:F6) -> -2.6666667 | G10: =AVERAGE(G4:G6) -> -1.6666667
A11: Promedio después | C11: =AVERAGE(C7:C9) -> 1.3333333 | D11: =AVERAGE(D7:D9) -> 1.3333333 | E11: =AVERAGE(E7:E9) -> 0.66666667 | F11: =AVERAGE(F7:F9) -> 2 | G11: =AVERAGE(G7:G9) -> 1.6666667
A12: Diferencia (después − antes) | C12: =C11-C10 -> 2 | D12: =D11-D10 -> 3 | E12: =E11-E10 -> 3 | F12: =F11-F10 -> 4.6666667 | G12: =G11-G10 -> 3.3333333
A14: Escala: −3 muy negativa · 0 neutra · +3 muy positiva. Promedios calculados con fórmula.

Sheet Métricas de la prueba
A1: Métricas de desempeño por perfil — misma tarea en ambas versiones
A3: Participante | B3: Éxito antes (1 sí / 0.5 parcial / 0 no) | C3: Éxito después | D3: Tiempo antes (s) | E3: Tiempo después (s) | F3: Errores antes | G3: Errores después | H3: SEQ antes (1–7) | I3: SEQ después (1–7)
A4: P1 | B4: 0.5 | C4: 1 | D4: 52 | E4: 21 | F4: 2 | G4: 0 | H4: 3 | I4: 6
A5: P2 | B5: 1 | C5: 1 | D5: 98 | E5: 29 | F5: 3 | G5: 0 | H5: 2 | I5: 6
A6: P3 | B6: 0 | C6: 1 | D6: 165 | E6: 44 | F6: 4 | G6: 1 | H6: 2 | I6: 5
A7: Promedio | B7: =ROUND(AVERAGE(B4:B6),2) -> 0.5 | C7: =ROUND(AVERAGE(C4:C6),2) -> 1 | D7: =ROUND(AVERAGE(D4:D6),2) -> 105 | E7: =ROUND(AVERAGE(E4:E6),2) -> 31.33 | F7: =ROUND(AVERAGE(F4:F6),2) -> 3 | G7: =ROUND(AVERAGE(G4:G6),2) -> 0.33 | H7: =ROUND(AVERAGE(H4:H6),2) -> 2.33 | I7: =ROUND(AVERAGE(I4:I6),2) -> 5.67
A9: Reducción del tiempo promedio (%) | D9: =ROUND((D7-E7)/D7*100,1) -> 70.2
A10: Éxito: 1 = completa sin ayuda; 0.5 = completa sin guardar la dirección; 0 = no completa sin ayuda. SEQ: Single Ease Question.
